<?xml version="1.0" encoding="UTF-8"?>
<project-private xmlns="http://www.netbeans.org/ns/project-private/1">
    <editor-bookmarks xmlns="http://www.netbeans.org/ns/editor-bookmarks/2" lastBookmarkId="0"/>
    <open-files xmlns="http://www.netbeans.org/ns/projectui-open-files/2">
        <group>
            <file>file:/C:/Users/sonum/Desktop/Data%20Warehousing%20and%20Mining/FriendsBook_Sonal_SP19/src/friendsbook_sonal_sp19/friends.java</file>
            <file>file:/C:/Users/sonum/Desktop/Data%20Warehousing%20and%20Mining/FriendsBook_Sonal_SP19/src/friendsbook_sonal_sp19/User.java</file>
            <file>file:/C:/Users/sonum/Desktop/Data%20Warehousing%20and%20Mining/FriendsBook_Sonal_SP19/src/friendsbook_sonal_sp19/FriendsBook_Sonal_SP19.java</file>
            <file>file:/C:/Users/sonum/Desktop/Data%20Warehousing%20and%20Mining/FriendsBook_Sonal_SP19/src/friendsbook_sonal_sp19/Hashtag.java</file>
        </group>
    </open-files>
</project-private>
